chunk_size,chunk_overlap,faithfulness,context_precision,context_recall
1000,100,1.0,0.3333333333,1.0
1200,110,1.0,0.3333333333,1.0
1500,130,1.0,0.3333333333,1.0
