chunk_size,chunk_overlap,faithfulness,context_precision,context_recall
1500,100,1.0,0.3333333333,1.0
1700,110,1.0,0.3333333333,1.0
1900,130,1.0,0.3333333333,1.0
